{"predict": [0.9905367276778818, 0.8897289838461675, 0.9907818021351316, 0.9764881966980471, 0.787323634705449, 0.874199875841888, 0.8742736316875418, NaN, 0.9253473024042901, 0.7201339526401697, 0.7371146927832698, 0.8400612685327038, 0.7846970460929824, 0.8288713954886067, 0.9679734422836539, 0.8052451493360637, 0.7500054288658832, 2.361126287658303, 0.8110239373909456, NaN, 2.2196496056748116, NaN, NaN, 0.6899435156633034, 0.9612919758273071, 0.79402257704181, 0.861948299565943, 0.8905853872938383, 0.8002743111802874, 0.9189857385194892, 2.187211733567124, 0.9856439861477136, 2.270988805810549, 4.246093885038887e+77, NaN, 19288111250.22331, 0.8149974032141973, 0.9446753343617744, 0.7806544050968313, NaN, 0.9695825626335421, 0.925316133882397, 17504062374696.025, 0.772117579738744, 0.9474609299580515, 2.2101927847688967, 0.8939202163282, 0.7556048821824434, 13024956831.173729, 1.3755100632650644e+68, 0.9757188286487597, 0.9815442506830666, 0.9925226711742504, 0.9902872255098385, 2.3741507147668517, 0.9326560002090153, 0.6034736857026858, 0.7795394523146799, 0.8928335223932135, 6.444147335302874e+54, NaN, 0.7919995521277569, 0.9921686703762582, NaN, 0.8644905412753293, 0.8915422262023102, 0.8920300024852986, 0.8460565516055035], "gt": [75.6899157917408, 40.8814171293115, 72.0196627528426, 74.0746214213359, 43.6928445913831, 46.6105233482784, 40.4824492966406, 67.9848571835359, 55.4190871671064, 39.9973494939571, 26.8582381936275, 52.2333751517363, 49.4166387198426, 35.7647831359825, 69.0933753490564, 26.2830527801983, 32.4961232858525, 68.7537150130681, 46.009103498353, 68.9526476099223, 38.1213982589421, 42.7849093631908, 30.5178756367134, 26.0797826608972, 67.99891640612, 38.3751826764134, 40.6833546385052, 54.9330144329226, 36.467896340567, 56.6134727568682, 34.3352437222893, 72.6153946640332, 45.664551564056, 27.5158778916593, 38.6681044842663, 70.2535614236657, 36.9365076184681, 68.8454100248055, 51.0935070699514, 75.7677841038091, 66.6318958169047, 50.2042602161373, 71.9045703689872, 28.7139909058361, 71.1708484039555, 42.9717059954285, 40.4892382072884, 36.159226565036, 66.5227901622337, 37.0605870624927, 71.3588888596633, 72.9390150137084, 68.8858813851695, 73.7930097663473, 69.2461847985255, 58.5105862181913, 27.0512680246522, 41.7117461088554, 42.9751738245345, 39.6167220914242, 42.618122208886, 46.520726413603, 78.4316405326566, 40.8524213531672, 37.3218579310704, 43.7496778826789, 42.716500566639, 47.0669044834816]}